message_id,user_id,username,receiver_id,receiver_name,message,timestamp,is_group,group_id,message_status
1,U005,Eve,G001,Team_Project,I'm almost done with the task.,2025-09-20 10:00:13,True,G001,Pending
2,U001,Alice,U004,Diana,Please review the file.,2025-09-20 10:00:46,False,,Delivered
3,U003,Charlie,G001,Team_Project,Good night everyone!,2025-09-20 10:00:51,True,G001,Pending
4,U003,Charlie,G002,Friends_Chat,Working on it now.,2025-09-20 10:01:28,True,G002,Pending
5,U002,Bob,U003,Charlie,Good night everyone!,2025-09-20 10:00:50,False,,Delivered
6,U005,Eve,G001,Team_Project,What’s the plan for today?,2025-09-20 10:02:24,True,G001,Pending
7,U005,Eve,U002,Bob,What’s the plan for today?,2025-09-20 10:00:49,False,,Delivered
8,U003,Charlie,G001,Team_Project,Good morning!,2025-09-20 10:03:36,True,G001,Delivered
9,U004,Diana,U003,Charlie,I'm almost done with the task.,2025-09-20 10:03:45,False,,Seen
10,U003,Charlie,G002,Friends_Chat,"Sure, sending it now.",2025-09-20 10:01:10,True,G002,Seen
11,U005,Eve,U004,Diana,I’ll join the call soon.,2025-09-20 10:03:29,False,,Delivered
12,U005,Eve,G001,Team_Project,That sounds great!,2025-09-20 10:01:00,True,G001,Pending
13,U004,Diana,G002,Friends_Chat,Can you share the document?,2025-09-20 10:03:41,True,G002,Seen
14,U004,Diana,G002,Friends_Chat,I'm almost done with the task.,2025-09-20 10:01:52,True,G002,Delivered
15,U004,Diana,G002,Friends_Chat,Reminder: deadline is tomorrow!,2025-09-20 10:07:15,True,G002,Delivered
16,U003,Charlie,G001,Team_Project,Good morning!,2025-09-20 10:03:28,True,G001,Delivered
17,U004,Diana,U003,Charlie,See you tomorrow.,2025-09-20 10:04:32,False,,Delivered
18,U002,Bob,U004,Diana,Did you finish the report?,2025-09-20 10:08:42,False,,Delivered
19,U005,Eve,U003,Charlie,Can you share the document?,2025-09-20 10:06:39,False,,Seen
20,U003,Charlie,G002,Friends_Chat,Did you finish the report?,2025-09-20 10:02:20,True,G002,Pending
21,U002,Bob,U003,Charlie,Please review the file.,2025-09-20 10:08:24,False,,Pending
22,U002,Bob,G002,Friends_Chat,See you tomorrow.,2025-09-20 10:05:52,True,G002,Delivered
23,U004,Diana,U005,Eve,Please review the file.,2025-09-20 10:05:22,False,,Delivered
24,U002,Bob,U005,Eve,That sounds great!,2025-09-20 10:04:48,False,,Pending
25,U001,Alice,U003,Charlie,Working on it now.,2025-09-20 10:08:45,False,,Seen
26,U001,Alice,G002,Friends_Chat,I’ll join the call soon.,2025-09-20 10:10:24,True,G002,Seen
27,U002,Bob,U001,Alice,Reminder: deadline is tomorrow!,2025-09-20 10:02:42,False,,Delivered
28,U003,Charlie,U001,Alice,"Sure, sending it now.",2025-09-20 10:13:32,False,,Pending
29,U002,Bob,U005,Eve,"Sure, sending it now.",2025-09-20 10:12:05,False,,Seen
30,U004,Diana,G001,Team_Project,Did you finish the report?,2025-09-20 10:05:00,True,G001,Pending
31,U001,Alice,G002,Friends_Chat,Good night everyone!,2025-09-20 10:04:08,True,G002,Seen
32,U005,Eve,U003,Charlie,"Sure, sending it now.",2025-09-20 10:07:28,False,,Pending
33,U001,Alice,U005,Eve,"Hey, how are you?",2025-09-20 10:06:36,False,,Pending
34,U002,Bob,U004,Diana,"Sure, sending it now.",2025-09-20 10:15:18,False,,Pending
35,U002,Bob,G002,Friends_Chat,Please review the file.,2025-09-20 10:14:35,True,G002,Seen
36,U003,Charlie,U002,Bob,Let's meet at 5 PM.,2025-09-20 10:14:24,False,,Delivered
37,U005,Eve,G001,Team_Project,I'm almost done with the task.,2025-09-20 10:10:29,True,G001,Delivered
38,U005,Eve,G001,Team_Project,Please review the file.,2025-09-20 10:15:50,True,G001,Delivered
39,U001,Alice,U005,Eve,Good morning!,2025-09-20 10:13:00,False,,Delivered
40,U002,Bob,G002,Friends_Chat,I’ll join the call soon.,2025-09-20 10:16:00,True,G002,Delivered
41,U003,Charlie,U005,Eve,I'm almost done with the task.,2025-09-20 10:19:49,False,,Pending
42,U004,Diana,G002,Friends_Chat,Can you share the document?,2025-09-20 10:11:12,True,G002,Seen
43,U001,Alice,G001,Team_Project,Good morning!,2025-09-20 10:13:37,True,G001,Pending
44,U004,Diana,U001,Alice,Good morning!,2025-09-20 10:18:20,False,,Pending
45,U001,Alice,U002,Bob,Good night everyone!,2025-09-20 10:04:30,False,,Delivered
46,U002,Bob,U005,Eve,See you tomorrow.,2025-09-20 10:15:20,False,,Delivered
47,U005,Eve,G001,Team_Project,Working on it now.,2025-09-20 10:21:09,True,G001,Seen
48,U004,Diana,G001,Team_Project,Reminder: deadline is tomorrow!,2025-09-20 10:17:36,True,G001,Seen
49,U005,Eve,G001,Team_Project,Reminder: deadline is tomorrow!,2025-09-20 10:17:58,True,G001,Seen
50,U004,Diana,G001,Team_Project,Let's meet at 5 PM.,2025-09-20 10:19:10,True,G001,Seen
51,U005,Eve,U004,Diana,Good morning!,2025-09-20 10:05:57,False,,Delivered
52,U005,Eve,G002,Friends_Chat,Good morning!,2025-09-20 10:23:24,True,G002,Delivered
53,U004,Diana,G002,Friends_Chat,That sounds great!,2025-09-20 10:15:54,True,G002,Seen
54,U003,Charlie,U004,Diana,Working on it now.,2025-09-20 10:24:18,False,,Delivered
55,U005,Eve,G002,Friends_Chat,I’ll join the call soon.,2025-09-20 10:07:20,True,G002,Pending
56,U002,Bob,U005,Eve,Let's meet at 5 PM.,2025-09-20 10:20:32,False,,Delivered
57,U002,Bob,G002,Friends_Chat,Can you share the document?,2025-09-20 10:25:39,True,G002,Seen
58,U003,Charlie,U002,Bob,Reminder: deadline is tomorrow!,2025-09-20 10:08:42,False,,Pending
59,U002,Bob,G002,Friends_Chat,Good night everyone!,2025-09-20 10:17:42,True,G002,Pending
60,U001,Alice,G002,Friends_Chat,See you tomorrow.,2025-09-20 10:12:00,True,G002,Delivered
61,U002,Bob,G002,Friends_Chat,I’ll join the call soon.,2025-09-20 10:24:24,True,G002,Delivered
62,U004,Diana,U002,Bob,See you tomorrow.,2025-09-20 10:17:34,False,,Pending
63,U001,Alice,G002,Friends_Chat,"Sure, sending it now.",2025-09-20 10:16:48,True,G002,Pending
64,U004,Diana,G002,Friends_Chat,I'm almost done with the task.,2025-09-20 10:18:08,True,G002,Delivered
65,U003,Charlie,G001,Team_Project,"Hey, how are you?",2025-09-20 10:08:40,True,G001,Pending
66,U004,Diana,G001,Team_Project,Reminder: deadline is tomorrow!,2025-09-20 10:15:24,True,G001,Delivered
67,U004,Diana,U003,Charlie,Please review the file.,2025-09-20 10:12:17,False,,Delivered
68,U002,Bob,G002,Friends_Chat,Good night everyone!,2025-09-20 10:22:40,True,G002,Seen
69,U005,Eve,U002,Bob,I’ll join the call soon.,2025-09-20 10:11:30,False,,Delivered
70,U004,Diana,G002,Friends_Chat,That sounds great!,2025-09-20 10:33:50,True,G002,Delivered
71,U001,Alice,U004,Diana,Can you share the document?,2025-09-20 10:23:40,False,,Seen
72,U002,Bob,U001,Alice,Good night everyone!,2025-09-20 10:06:00,False,,Pending
73,U005,Eve,G001,Team_Project,Did you finish the report?,2025-09-20 10:07:18,True,G001,Pending
74,U004,Diana,G002,Friends_Chat,I'm almost done with the task.,2025-09-20 10:25:54,True,G002,Delivered
75,U003,Charlie,G002,Friends_Chat,Did you finish the report?,2025-09-20 10:11:15,True,G002,Seen
76,U002,Bob,U003,Charlie,I'm almost done with the task.,2025-09-20 10:30:24,False,,Pending
77,U001,Alice,U005,Eve,Let's meet at 5 PM.,2025-09-20 10:08:59,False,,Pending
78,U002,Bob,U003,Charlie,Good morning!,2025-09-20 10:28:36,False,,Delivered
79,U005,Eve,G002,Friends_Chat,Good night everyone!,2025-09-20 10:18:26,True,G002,Pending
80,U001,Alice,G001,Team_Project,Good night everyone!,2025-09-20 10:38:40,True,G001,Pending
81,U005,Eve,U004,Diana,I'm almost done with the task.,2025-09-20 10:16:12,False,,Pending
82,U003,Charlie,U005,Eve,That sounds great!,2025-09-20 10:23:14,False,,Delivered
83,U002,Bob,U005,Eve,Working on it now.,2025-09-20 10:20:45,False,,Pending
84,U003,Charlie,U001,Alice,Can you share the document?,2025-09-20 10:09:48,False,,Pending
85,U001,Alice,U003,Charlie,Good night everyone!,2025-09-20 10:08:30,False,,Delivered
86,U003,Charlie,U004,Diana,Did you finish the report?,2025-09-20 10:43:00,False,,Seen
87,U005,Eve,U003,Charlie,I'm almost done with the task.,2025-09-20 10:15:57,False,,Seen
88,U003,Charlie,U002,Bob,What’s the plan for today?,2025-09-20 10:17:36,False,,Delivered
89,U001,Alice,U003,Charlie,"Sure, sending it now.",2025-09-20 10:22:15,False,,Pending
90,U004,Diana,U001,Alice,Can you share the document?,2025-09-20 10:09:00,False,,Delivered
91,U002,Bob,G002,Friends_Chat,I'm almost done with the task.,2025-09-20 10:25:47,True,G002,Seen
92,U002,Bob,G001,Team_Project,I'm almost done with the task.,2025-09-20 10:32:12,True,G001,Pending
93,U001,Alice,G001,Team_Project,Reminder: deadline is tomorrow!,2025-09-20 10:09:18,True,G001,Delivered
94,U001,Alice,G001,Team_Project,I’ll join the call soon.,2025-09-20 10:21:56,True,G001,Delivered
95,U002,Bob,G002,Friends_Chat,Reminder: deadline is tomorrow!,2025-09-20 10:26:55,True,G002,Pending
96,U003,Charlie,G001,Team_Project,What’s the plan for today?,2025-09-20 10:44:48,True,G001,Pending
97,U001,Alice,G001,Team_Project,I’ll join the call soon.,2025-09-20 10:16:10,True,G001,Pending
98,U001,Alice,U005,Eve,Good morning!,2025-09-20 10:14:42,False,,Seen
99,U001,Alice,G002,Friends_Chat,What’s the plan for today?,2025-09-20 10:33:00,True,G002,Pending
100,U001,Alice,U005,Eve,I’ll join the call soon.,2025-09-20 10:10:00,False,,Pending
101,U004,Diana,G001,Team_Project,I'm almost done with the task.,2025-09-20 10:42:05,True,G001,Pending
102,U002,Bob,U001,Alice,That sounds great!,2025-09-20 10:47:36,False,,Delivered
103,U005,Eve,U004,Diana,Working on it now.,2025-09-20 10:36:03,False,,Delivered
104,U002,Bob,U001,Alice,Let's meet at 5 PM.,2025-09-20 10:48:32,False,,Delivered
105,U002,Bob,U005,Eve,Working on it now.,2025-09-20 10:08:45,False,,Seen
106,U004,Diana,U005,Eve,Working on it now.,2025-09-20 10:37:06,False,,Pending
107,U005,Eve,G001,Team_Project,What’s the plan for today?,2025-09-20 10:30:19,True,G001,Pending
108,U005,Eve,U003,Charlie,What’s the plan for today?,2025-09-20 10:43:12,False,,Pending
109,U001,Alice,U004,Diana,Did you finish the report?,2025-09-20 10:52:41,False,,Pending
110,U002,Bob,U005,Eve,"Hey, how are you?",2025-09-20 10:55:00,False,,Seen
111,U005,Eve,U002,Bob,That sounds great!,2025-09-20 10:25:54,False,,Seen
112,U004,Diana,U003,Charlie,Can you share the document?,2025-09-20 10:39:12,False,,Seen
113,U004,Diana,U005,Eve,Please review the file.,2025-09-20 10:47:05,False,,Delivered
114,U004,Diana,G002,Friends_Chat,Did you finish the report?,2025-09-20 10:11:24,True,G002,Seen
115,U005,Eve,U001,Alice,Good morning!,2025-09-20 10:15:20,False,,Seen
116,U003,Charlie,U002,Bob,"Sure, sending it now.",2025-09-20 10:44:28,False,,Pending
117,U003,Charlie,U004,Diana,Let's meet at 5 PM.,2025-09-20 10:33:09,False,,Pending
118,U003,Charlie,G001,Team_Project,"Sure, sending it now.",2025-09-20 10:51:08,True,G001,Seen
119,U004,Diana,U002,Bob,Let's meet at 5 PM.,2025-09-20 10:45:37,False,,Pending
120,U001,Alice,U004,Diana,Let's meet at 5 PM.,2025-09-20 10:50:00,False,,Seen
121,U005,Eve,G001,Team_Project,Reminder: deadline is tomorrow!,2025-09-20 10:56:28,True,G001,Delivered
122,U005,Eve,G001,Team_Project,Did you finish the report?,2025-09-20 10:28:28,True,G001,Seen
123,U005,Eve,G002,Friends_Chat,I'm almost done with the task.,2025-09-20 10:32:48,True,G002,Seen
124,U005,Eve,U001,Alice,"Sure, sending it now.",2025-09-20 10:14:28,False,,Seen
125,U001,Alice,G001,Team_Project,Good morning!,2025-09-20 10:43:45,True,G001,Seen
126,U002,Bob,U003,Charlie,I'm almost done with the task.,2025-09-20 10:52:30,False,,Delivered
127,U002,Bob,G001,Team_Project,What’s the plan for today?,2025-09-20 10:12:42,True,G001,Delivered
128,U002,Bob,U001,Alice,Good morning!,2025-09-20 10:25:36,False,,Delivered
129,U004,Diana,G001,Team_Project,That sounds great!,2025-09-20 10:27:57,True,G001,Delivered
130,U002,Bob,U004,Diana,Good night everyone!,2025-09-20 10:54:10,False,,Pending
131,U003,Charlie,U002,Bob,Did you finish the report?,2025-09-20 11:01:08,False,,Delivered
132,U002,Bob,U001,Alice,I'm almost done with the task.,2025-09-20 11:06:00,False,,Delivered
133,U004,Diana,G001,Team_Project,I'm almost done with the task.,2025-09-20 10:53:12,True,G001,Seen
134,U001,Alice,U005,Eve,Can you share the document?,2025-09-20 10:15:38,False,,Delivered
135,U004,Diana,G001,Team_Project,See you tomorrow.,2025-09-20 10:36:00,True,G001,Pending
136,U002,Bob,U001,Alice,Can you share the document?,2025-09-20 11:03:28,False,,Delivered
137,U003,Charlie,U004,Diana,"Sure, sending it now.",2025-09-20 10:41:06,False,,Seen
138,U002,Bob,U005,Eve,"Sure, sending it now.",2025-09-20 10:18:24,False,,Delivered
139,U001,Alice,U003,Charlie,What’s the plan for today?,2025-09-20 10:11:35,False,,Delivered
140,U004,Diana,G002,Friends_Chat,I’ll join the call soon.,2025-09-20 10:44:20,True,G002,Pending
141,U005,Eve,U004,Diana,Let's meet at 5 PM.,2025-09-20 11:10:30,False,,Pending
142,U005,Eve,G002,Friends_Chat,Good morning!,2025-09-20 10:54:26,True,G002,Delivered
143,U002,Bob,G002,Friends_Chat,Let's meet at 5 PM.,2025-09-20 10:30:59,True,G002,Delivered
144,U004,Diana,G002,Friends_Chat,That sounds great!,2025-09-20 10:43:12,True,G002,Seen
145,U001,Alice,G002,Friends_Chat,That sounds great!,2025-09-20 10:50:45,True,G002,Delivered
146,U001,Alice,U005,Eve,I'm almost done with the task.,2025-09-20 11:05:42,False,,Delivered
147,U003,Charlie,G001,Team_Project,"Hey, how are you?",2025-09-20 10:14:42,True,G001,Seen
148,U005,Eve,U002,Bob,Please review the file.,2025-09-20 11:09:04,False,,Seen
149,U002,Bob,G001,Team_Project,Reminder: deadline is tomorrow!,2025-09-20 10:29:48,True,G001,Seen
150,U002,Bob,G001,Team_Project,"Hey, how are you?",2025-09-20 10:35:00,True,G001,Delivered
151,U002,Bob,G002,Friends_Chat,Reminder: deadline is tomorrow!,2025-09-20 10:37:45,True,G002,Delivered
152,U005,Eve,G002,Friends_Chat,Can you share the document?,2025-09-20 10:20:16,True,G002,Delivered
153,U005,Eve,G002,Friends_Chat,Good night everyone!,2025-09-20 10:17:51,True,G002,Delivered
154,U004,Diana,U003,Charlie,Did you finish the report?,2025-09-20 10:20:32,False,,Delivered
155,U001,Alice,U005,Eve,"Hey, how are you?",2025-09-20 11:04:35,False,,Seen
156,U002,Bob,G001,Team_Project,Working on it now.,2025-09-20 10:59:48,True,G001,Delivered
157,U002,Bob,G001,Team_Project,Good night everyone!,2025-09-20 10:54:57,True,G001,Pending
158,U001,Alice,U004,Diana,That sounds great!,2025-09-20 10:26:20,False,,Seen
159,U005,Eve,U004,Diana,Can you share the document?,2025-09-20 10:53:00,False,,Delivered
160,U002,Bob,U003,Charlie,Please review the file.,2025-09-20 11:06:40,False,,Pending
161,U001,Alice,G001,Team_Project,I'm almost done with the task.,2025-09-20 10:18:47,True,G001,Delivered
162,U004,Diana,G002,Friends_Chat,Good night everyone!,2025-09-20 10:29:42,True,G002,Delivered
163,U001,Alice,U002,Bob,Did you finish the report?,2025-09-20 11:07:55,False,,Pending
164,U001,Alice,G002,Friends_Chat,Can you share the document?,2025-09-20 10:57:24,True,G002,Seen
165,U003,Charlie,U002,Bob,Please review the file.,2025-09-20 10:38:30,False,,Pending
166,U003,Charlie,G001,Team_Project,See you tomorrow.,2025-09-20 10:22:08,True,G001,Seen
167,U004,Diana,G002,Friends_Chat,Good morning!,2025-09-20 11:04:01,True,G002,Seen
168,U005,Eve,U001,Alice,I'm almost done with the task.,2025-09-20 10:56:00,False,,Seen
169,U004,Diana,G002,Friends_Chat,Please review the file.,2025-09-20 11:07:36,True,G002,Seen
170,U001,Alice,U004,Diana,Good morning!,2025-09-20 10:22:40,False,,Seen
171,U002,Bob,G001,Team_Project,Reminder: deadline is tomorrow!,2025-09-20 10:37:03,True,G001,Seen
172,U004,Diana,G002,Friends_Chat,I'm almost done with the task.,2025-09-20 10:40:08,True,G002,Delivered
173,U003,Charlie,U002,Bob,I'm almost done with the task.,2025-09-20 10:25:57,False,,Pending
174,U005,Eve,G002,Friends_Chat,Can you share the document?,2025-09-20 11:18:18,True,G002,Pending
175,U001,Alice,U003,Charlie,See you tomorrow.,2025-09-20 10:40:50,False,,Pending
176,U005,Eve,U003,Charlie,Please review the file.,2025-09-20 11:19:12,False,,Delivered
177,U001,Alice,G002,Friends_Chat,That sounds great!,2025-09-20 11:01:57,True,G002,Pending
178,U003,Charlie,G002,Friends_Chat,Can you share the document?,2025-09-20 10:26:42,True,G002,Delivered
179,U002,Bob,U001,Alice,Did you finish the report?,2025-09-20 11:08:37,False,,Pending
180,U001,Alice,G002,Friends_Chat,Did you finish the report?,2025-09-20 10:33:00,True,G002,Delivered
181,U002,Bob,G001,Team_Project,What’s the plan for today?,2025-09-20 10:42:14,True,G001,Seen
182,U003,Charlie,U004,Diana,I’ll join the call soon.,2025-09-20 11:00:40,False,,Seen
183,U002,Bob,G002,Friends_Chat,Please review the file.,2025-09-20 11:25:24,True,G002,Pending
184,U004,Diana,U002,Bob,Good morning!,2025-09-20 10:42:56,False,,Seen
185,U005,Eve,G001,Team_Project,Good night everyone!,2025-09-20 10:18:30,True,G001,Seen
186,U003,Charlie,U002,Bob,Let's meet at 5 PM.,2025-09-20 11:17:30,False,,Seen
187,U001,Alice,U004,Diana,Let's meet at 5 PM.,2025-09-20 11:02:20,False,,Delivered
188,U005,Eve,G002,Friends_Chat,Working on it now.,2025-09-20 10:21:56,True,G002,Seen
189,U003,Charlie,G001,Team_Project,I'm almost done with the task.,2025-09-20 10:18:54,True,G001,Seen
190,U005,Eve,U001,Alice,Working on it now.,2025-09-20 11:06:30,False,,Pending
191,U001,Alice,G002,Friends_Chat,Good morning!,2025-09-20 10:50:56,True,G002,Seen
192,U003,Charlie,G002,Friends_Chat,Good morning!,2025-09-20 11:36:00,True,G002,Pending
193,U003,Charlie,G002,Friends_Chat,"Sure, sending it now.",2025-09-20 10:16:05,True,G002,Pending
194,U004,Diana,U001,Alice,Please review the file.,2025-09-20 11:01:26,False,,Pending
195,U001,Alice,U005,Eve,Please review the file.,2025-09-20 11:14:45,False,,Seen
196,U005,Eve,U003,Charlie,I'm almost done with the task.,2025-09-20 11:34:44,False,,Pending
197,U002,Bob,G002,Friends_Chat,"Sure, sending it now.",2025-09-20 11:35:13,True,G002,Seen
198,U001,Alice,U005,Eve,See you tomorrow.,2025-09-20 11:39:00,False,,Seen
199,U001,Alice,G001,Team_Project,Can you share the document?,2025-09-20 11:12:58,True,G001,Delivered
200,U005,Eve,U003,Charlie,"Hey, how are you?",2025-09-20 11:16:40,False,,Seen
201,U002,Bob,G002,Friends_Chat,Working on it now.,2025-09-20 11:23:45,True,G002,Pending
202,U003,Charlie,G001,Team_Project,That sounds great!,2025-09-20 10:23:34,True,G001,Pending
203,U003,Charlie,U004,Diana,Working on it now.,2025-09-20 10:23:41,False,,Pending
204,U003,Charlie,G002,Friends_Chat,Did you finish the report?,2025-09-20 10:51:00,True,G002,Delivered
205,U004,Diana,G002,Friends_Chat,"Sure, sending it now.",2025-09-20 10:51:15,True,G002,Delivered
206,U001,Alice,U005,Eve,I'm almost done with the task.,2025-09-20 11:32:42,False,,Delivered
207,U002,Bob,U001,Alice,Please review the file.,2025-09-20 11:12:27,False,,Delivered
208,U005,Eve,G001,Team_Project,I’ll join the call soon.,2025-09-20 10:58:56,True,G001,Seen
209,U001,Alice,G001,Team_Project,Good night everyone!,2025-09-20 11:09:40,True,G001,Delivered
210,U003,Charlie,U001,Alice,That sounds great!,2025-09-20 10:28:00,False,,Seen
211,U001,Alice,G002,Friends_Chat,Good night everyone!,2025-09-20 11:34:57,True,G002,Pending
212,U004,Diana,U002,Bob,See you tomorrow.,2025-09-20 10:17:40,False,,Seen
213,U003,Charlie,U005,Eve,I'm almost done with the task.,2025-09-20 10:56:48,False,,Delivered
214,U003,Charlie,U001,Alice,"Sure, sending it now.",2025-09-20 10:24:58,False,,Seen
215,U004,Diana,G002,Friends_Chat,What’s the plan for today?,2025-09-20 11:04:30,True,G002,Seen
216,U002,Bob,U001,Alice,What’s the plan for today?,2025-09-20 10:57:36,False,,Delivered
217,U004,Diana,U003,Charlie,Can you share the document?,2025-09-20 11:19:34,False,,Pending
218,U004,Diana,G002,Friends_Chat,I'm almost done with the task.,2025-09-20 11:12:40,True,G002,Pending
219,U002,Bob,G001,Team_Project,Did you finish the report?,2025-09-20 11:31:15,True,G001,Seen
220,U002,Bob,G002,Friends_Chat,What’s the plan for today?,2025-09-20 11:02:20,True,G002,Delivered
221,U001,Alice,G001,Team_Project,Can you share the document?,2025-09-20 10:18:25,True,G001,Pending
222,U004,Diana,G001,Team_Project,I'm almost done with the task.,2025-09-20 11:06:36,True,G001,Seen
223,U005,Eve,U003,Charlie,Good morning!,2025-09-20 11:10:37,False,,Delivered
224,U001,Alice,G001,Team_Project,"Hey, how are you?",2025-09-20 10:41:04,True,G001,Seen
225,U002,Bob,U005,Eve,Working on it now.,2025-09-20 11:26:15,False,,Pending
226,U004,Diana,U001,Alice,"Hey, how are you?",2025-09-20 10:37:40,False,,Delivered
227,U001,Alice,G001,Team_Project,Working on it now.,2025-09-20 10:41:37,True,G001,Seen
228,U004,Diana,G001,Team_Project,I'm almost done with the task.,2025-09-20 11:46:24,True,G001,Pending
229,U005,Eve,G001,Team_Project,Good night everyone!,2025-09-20 11:54:30,True,G001,Delivered
230,U003,Charlie,U005,Eve,That sounds great!,2025-09-20 11:01:20,False,,Seen
231,U002,Bob,G001,Team_Project,Let's meet at 5 PM.,2025-09-20 11:51:39,True,G001,Pending
232,U004,Diana,G002,Friends_Chat,See you tomorrow.,2025-09-20 11:25:04,True,G002,Delivered
233,U002,Bob,G002,Friends_Chat,I’ll join the call soon.,2025-09-20 10:34:57,True,G002,Seen
234,U001,Alice,G001,Team_Project,I'm almost done with the task.,2025-09-20 11:25:48,True,G001,Delivered
235,U001,Alice,U004,Diana,That sounds great!,2025-09-20 10:23:30,False,,Seen
236,U004,Diana,U003,Charlie,Can you share the document?,2025-09-20 11:02:56,False,,Pending
237,U004,Diana,U005,Eve,"Sure, sending it now.",2025-09-20 10:23:42,False,,Seen
238,U005,Eve,G002,Friends_Chat,Please review the file.,2025-09-20 11:19:20,True,G002,Seen
239,U001,Alice,G001,Team_Project,Working on it now.,2025-09-20 11:59:30,True,G001,Seen
240,U001,Alice,G002,Friends_Chat,See you tomorrow.,2025-09-20 10:24:00,True,G002,Seen
241,U005,Eve,G002,Friends_Chat,"Hey, how are you?",2025-09-20 10:28:07,True,G002,Seen
242,U001,Alice,U004,Diana,Good morning!,2025-09-20 11:40:50,False,,Pending
243,U004,Diana,G002,Friends_Chat,Let's meet at 5 PM.,2025-09-20 10:32:24,True,G002,Pending
244,U005,Eve,G001,Team_Project,I'm almost done with the task.,2025-09-20 10:44:44,True,G001,Seen
245,U003,Charlie,U002,Bob,That sounds great!,2025-09-20 12:02:30,False,,Seen
246,U001,Alice,G002,Friends_Chat,Let's meet at 5 PM.,2025-09-20 11:46:36,True,G002,Delivered
247,U002,Bob,U005,Eve,Did you finish the report?,2025-09-20 11:22:20,False,,Seen
248,U004,Diana,U005,Eve,That sounds great!,2025-09-20 11:30:56,False,,Pending
249,U004,Diana,G001,Team_Project,Can you share the document?,2025-09-20 11:47:54,True,G001,Seen
250,U002,Bob,U004,Diana,Can you share the document?,2025-09-20 10:29:10,False,,Pending
251,U003,Charlie,U001,Alice,What’s the plan for today?,2025-09-20 11:48:46,False,,Seen
252,U001,Alice,U002,Bob,Working on it now.,2025-09-20 10:37:48,False,,Seen
253,U004,Diana,G001,Team_Project,Reminder: deadline is tomorrow!,2025-09-20 11:24:20,True,G001,Delivered
254,U004,Diana,G001,Team_Project,"Hey, how are you?",2025-09-20 12:07:00,True,G001,Delivered
255,U005,Eve,U004,Diana,Reminder: deadline is tomorrow!,2025-09-20 10:38:15,False,,Pending
256,U004,Diana,U005,Eve,Working on it now.,2025-09-20 11:08:16,False,,Delivered
257,U002,Bob,G002,Friends_Chat,I'm almost done with the task.,2025-09-20 10:21:25,True,G002,Delivered
258,U002,Bob,U005,Eve,Did you finish the report?,2025-09-20 10:30:06,False,,Pending
259,U001,Alice,G001,Team_Project,"Hey, how are you?",2025-09-20 11:30:39,True,G001,Pending
260,U003,Charlie,U002,Bob,Can you share the document?,2025-09-20 12:01:20,False,,Seen
261,U004,Diana,G001,Team_Project,I'm almost done with the task.,2025-09-20 10:52:12,True,G001,Delivered
262,U001,Alice,U005,Eve,I'm almost done with the task.,2025-09-20 10:21:50,False,,Pending
263,U004,Diana,G001,Team_Project,Good night everyone!,2025-09-20 11:14:31,True,G001,Pending
264,U003,Charlie,U005,Eve,Good night everyone!,2025-09-20 11:58:48,False,,Seen
265,U002,Bob,U003,Charlie,See you tomorrow.,2025-09-20 11:23:55,False,,Pending
266,U005,Eve,U001,Alice,Can you share the document?,2025-09-20 11:19:48,False,,Delivered
267,U003,Charlie,G001,Team_Project,Good night everyone!,2025-09-20 11:46:48,True,G001,Pending
268,U002,Bob,U003,Charlie,I'm almost done with the task.,2025-09-20 11:24:52,False,,Delivered
269,U001,Alice,U005,Eve,See you tomorrow.,2025-09-20 11:47:36,False,,Delivered
270,U005,Eve,U004,Diana,I'm almost done with the task.,2025-09-20 10:27:00,False,,Seen
271,U004,Diana,U001,Alice,What’s the plan for today?,2025-09-20 11:12:16,False,,Pending
272,U005,Eve,G001,Team_Project,Good morning!,2025-09-20 11:44:16,True,G001,Pending
273,U002,Bob,G002,Friends_Chat,What’s the plan for today?,2025-09-20 12:07:24,True,G002,Delivered
274,U004,Diana,U003,Charlie,"Sure, sending it now.",2025-09-20 10:45:40,False,,Pending
275,U003,Charlie,G002,Friends_Chat,That sounds great!,2025-09-20 12:12:55,True,G002,Pending
276,U003,Charlie,G002,Friends_Chat,I’ll join the call soon.,2025-09-20 10:46:00,True,G002,Seen
277,U005,Eve,U004,Diana,Please review the file.,2025-09-20 11:36:57,False,,Seen
278,U002,Bob,G002,Friends_Chat,Can you share the document?,2025-09-20 11:37:18,True,G002,Seen
279,U002,Bob,G002,Friends_Chat,I’ll join the call soon.,2025-09-20 11:19:03,True,G002,Delivered
280,U005,Eve,G001,Team_Project,What’s the plan for today?,2025-09-20 11:24:00,True,G001,Seen
281,U003,Charlie,U005,Eve,"Sure, sending it now.",2025-09-20 11:52:24,False,,Delivered
282,U001,Alice,G001,Team_Project,What’s the plan for today?,2025-09-20 11:29:18,True,G001,Seen
283,U005,Eve,G002,Friends_Chat,I’ll join the call soon.,2025-09-20 11:57:55,True,G002,Delivered
284,U003,Charlie,U001,Alice,Good night everyone!,2025-09-20 11:34:40,False,,Delivered
285,U002,Bob,G002,Friends_Chat,I'm almost done with the task.,2025-09-20 11:58:45,True,G002,Delivered
286,U003,Charlie,U001,Alice,See you tomorrow.,2025-09-20 10:28:36,False,,Delivered
287,U004,Diana,U001,Alice,I'm almost done with the task.,2025-09-20 11:21:19,False,,Pending
288,U002,Bob,U001,Alice,I’ll join the call soon.,2025-09-20 11:40:48,False,,Delivered
289,U004,Diana,U005,Eve,Did you finish the report?,2025-09-20 11:31:31,False,,Delivered
290,U002,Bob,U004,Diana,Did you finish the report?,2025-09-20 11:51:10,False,,Pending
291,U004,Diana,U001,Alice,Can you share the document?,2025-09-20 10:58:12,False,,Delivered
292,U001,Alice,G001,Team_Project,"Sure, sending it now.",2025-09-20 11:37:20,True,G001,Pending
293,U003,Charlie,U002,Bob,Please review the file.,2025-09-20 11:27:54,False,,Pending
294,U004,Diana,G002,Friends_Chat,Reminder: deadline is tomorrow!,2025-09-20 11:47:48,True,G002,Seen
295,U002,Bob,G002,Friends_Chat,Good morning!,2025-09-20 11:43:15,True,G002,Delivered
296,U005,Eve,G001,Team_Project,I’ll join the call soon.,2025-09-20 11:33:44,True,G001,Seen
297,U005,Eve,U002,Bob,I'm almost done with the task.,2025-09-20 12:08:42,False,,Delivered
298,U003,Charlie,U004,Diana,Please review the file.,2025-09-20 12:09:08,False,,Delivered
299,U003,Charlie,G001,Team_Project,Let's meet at 5 PM.,2025-09-20 11:54:37,True,G001,Seen
300,U001,Alice,U002,Bob,I'm almost done with the task.,2025-09-20 12:15:00,False,,Seen
301,U004,Diana,U005,Eve,Good night everyone!,2025-09-20 10:45:09,False,,Seen
302,U001,Alice,U004,Diana,"Sure, sending it now.",2025-09-20 11:45:42,False,,Delivered
303,U005,Eve,G001,Team_Project,Let's meet at 5 PM.,2025-09-20 11:30:54,True,G001,Pending
304,U002,Bob,U004,Diana,Let's meet at 5 PM.,2025-09-20 11:31:12,False,,Delivered
305,U004,Diana,G002,Friends_Chat,What’s the plan for today?,2025-09-20 10:55:55,True,G002,Seen
306,U005,Eve,U001,Alice,Please review the file.,2025-09-20 12:27:54,False,,Delivered
307,U001,Alice,G002,Friends_Chat,"Hey, how are you?",2025-09-20 11:57:41,True,G002,Seen
308,U003,Charlie,U005,Eve,"Hey, how are you?",2025-09-20 11:42:40,False,,Seen
309,U004,Diana,G002,Friends_Chat,Good morning!,2025-09-20 12:13:54,True,G002,Pending
310,U001,Alice,U002,Bob,What’s the plan for today?,2025-09-20 10:31:00,False,,Seen
311,U002,Bob,G001,Team_Project,"Hey, how are you?",2025-09-20 11:07:23,True,G001,Delivered
312,U001,Alice,U005,Eve,Working on it now.,2025-09-20 11:54:24,False,,Seen
313,U001,Alice,G001,Team_Project,I’ll join the call soon.,2025-09-20 11:23:28,True,G001,Pending
314,U004,Diana,G001,Team_Project,"Sure, sending it now.",2025-09-20 12:00:22,True,G001,Seen
315,U002,Bob,U001,Alice,Let's meet at 5 PM.,2025-09-20 10:57:45,False,,Pending
316,U001,Alice,G002,Friends_Chat,Did you finish the report?,2025-09-20 11:24:16,True,G002,Delivered
317,U001,Alice,U004,Diana,Reminder: deadline is tomorrow!,2025-09-20 12:38:30,False,,Pending
318,U003,Charlie,U001,Alice,Good morning!,2025-09-20 11:46:00,False,,Seen
319,U001,Alice,G002,Friends_Chat,Good night everyone!,2025-09-20 12:12:55,True,G002,Seen
320,U001,Alice,U002,Bob,"Hey, how are you?",2025-09-20 12:24:00,False,,Pending
321,U001,Alice,U002,Bob,Reminder: deadline is tomorrow!,2025-09-20 12:19:06,False,,Pending
322,U005,Eve,U002,Bob,What’s the plan for today?,2025-09-20 10:37:34,False,,Pending
323,U001,Alice,G002,Friends_Chat,"Sure, sending it now.",2025-09-20 10:53:50,True,G002,Delivered
324,U005,Eve,U004,Diana,Working on it now.,2025-09-20 10:27:00,False,,Delivered
325,U005,Eve,G001,Team_Project,That sounds great!,2025-09-20 10:54:10,True,G001,Delivered
326,U003,Charlie,G001,Team_Project,Let's meet at 5 PM.,2025-09-20 11:16:04,True,G001,Delivered
327,U002,Bob,U001,Alice,That sounds great!,2025-09-20 10:43:36,False,,Seen
328,U003,Charlie,G001,Team_Project,"Hey, how are you?",2025-09-20 12:22:08,True,G001,Seen
329,U004,Diana,U005,Eve,"Sure, sending it now.",2025-09-20 12:44:30,False,,Delivered
330,U003,Charlie,G001,Team_Project,That sounds great!,2025-09-20 12:01:00,True,G001,Pending
331,U005,Eve,G001,Team_Project,That sounds great!,2025-09-20 11:55:51,True,G001,Pending
332,U002,Bob,U005,Eve,What’s the plan for today?,2025-09-20 10:49:48,False,,Pending
333,U003,Charlie,U002,Bob,Let's meet at 5 PM.,2025-09-20 10:55:30,False,,Delivered
334,U005,Eve,U004,Diana,"Sure, sending it now.",2025-09-20 10:50:06,False,,Seen
335,U001,Alice,U002,Bob,Did you finish the report?,2025-09-20 11:12:35,False,,Delivered
336,U004,Diana,U001,Alice,Reminder: deadline is tomorrow!,2025-09-20 11:46:24,False,,Pending
337,U004,Diana,U002,Bob,I’ll join the call soon.,2025-09-20 12:48:30,False,,Pending
338,U003,Charlie,G001,Team_Project,Good night everyone!,2025-09-20 12:20:50,True,G001,Pending
339,U001,Alice,U002,Bob,Did you finish the report?,2025-09-20 12:43:51,False,,Pending
340,U001,Alice,G001,Team_Project,Reminder: deadline is tomorrow!,2025-09-20 12:10:20,True,G001,Pending
341,U003,Charlie,U002,Bob,"Hey, how are you?",2025-09-20 11:47:59,False,,Delivered
342,U005,Eve,U002,Bob,Good morning!,2025-09-20 10:57:00,False,,Delivered
343,U004,Diana,U001,Alice,I'm almost done with the task.,2025-09-20 10:51:27,False,,Pending
344,U005,Eve,U003,Charlie,"Sure, sending it now.",2025-09-20 12:46:16,False,,Pending
345,U003,Charlie,G001,Team_Project,"Sure, sending it now.",2025-09-20 11:49:15,True,G001,Seen
346,U001,Alice,G001,Team_Project,Good morning!,2025-09-20 11:26:30,True,G001,Seen
347,U002,Bob,U005,Eve,Good night everyone!,2025-09-20 12:41:56,False,,Delivered
348,U001,Alice,G001,Team_Project,Let's meet at 5 PM.,2025-09-20 12:54:00,True,G001,Delivered
349,U003,Charlie,G002,Friends_Chat,Good morning!,2025-09-20 12:54:30,True,G002,Seen
350,U004,Diana,G002,Friends_Chat,I'm almost done with the task.,2025-09-20 11:21:40,True,G002,Pending
351,U001,Alice,U003,Charlie,Can you share the document?,2025-09-20 12:32:06,False,,Pending
352,U002,Bob,G002,Friends_Chat,What’s the plan for today?,2025-09-20 11:51:28,True,G002,Pending
353,U003,Charlie,U002,Bob,Reminder: deadline is tomorrow!,2025-09-20 11:57:40,False,,Delivered
354,U001,Alice,U002,Bob,Did you finish the report?,2025-09-20 10:29:30,False,,Delivered
355,U005,Eve,U003,Charlie,"Sure, sending it now.",2025-09-20 11:11:00,False,,Pending
356,U004,Diana,U002,Bob,Did you finish the report?,2025-09-20 12:34:16,False,,Seen
357,U004,Diana,G002,Friends_Chat,Please review the file.,2025-09-20 11:11:24,True,G002,Seen
358,U002,Bob,U004,Diana,Reminder: deadline is tomorrow!,2025-09-20 12:47:04,False,,Seen
359,U003,Charlie,U001,Alice,Working on it now.,2025-09-20 10:53:51,False,,Delivered
360,U001,Alice,G002,Friends_Chat,Please review the file.,2025-09-20 10:36:00,True,G002,Pending
361,U003,Charlie,U004,Diana,Did you finish the report?,2025-09-20 11:12:12,False,,Pending
362,U003,Charlie,U002,Bob,See you tomorrow.,2025-09-20 11:12:24,False,,Seen
363,U004,Diana,G001,Team_Project,Let's meet at 5 PM.,2025-09-20 12:43:21,True,G001,Pending
364,U004,Diana,U005,Eve,Reminder: deadline is tomorrow!,2025-09-20 12:31:40,False,,Seen
365,U005,Eve,U002,Bob,What’s the plan for today?,2025-09-20 11:06:55,False,,Delivered
366,U002,Bob,G001,Team_Project,"Hey, how are you?",2025-09-20 11:55:54,True,G001,Delivered
367,U005,Eve,G002,Friends_Chat,Can you share the document?,2025-09-20 11:19:31,True,G002,Delivered
368,U002,Bob,U005,Eve,Can you share the document?,2025-09-20 11:19:44,False,,Seen
369,U005,Eve,G001,Team_Project,"Hey, how are you?",2025-09-20 12:58:21,True,G001,Delivered
370,U001,Alice,U005,Eve,What’s the plan for today?,2025-09-20 11:14:00,False,,Pending
371,U001,Alice,U004,Diana,Did you finish the report?,2025-09-20 10:43:17,False,,Delivered
372,U004,Diana,G001,Team_Project,I’ll join the call soon.,2025-09-20 11:20:36,True,G001,Delivered
373,U005,Eve,G001,Team_Project,Reminder: deadline is tomorrow!,2025-09-20 12:29:12,True,G001,Seen
374,U004,Diana,U002,Bob,Did you finish the report?,2025-09-20 11:21:02,False,,Delivered
375,U002,Bob,G001,Team_Project,"Hey, how are you?",2025-09-20 11:27:30,True,G001,Pending
376,U003,Charlie,U001,Alice,Please review the file.,2025-09-20 11:52:48,False,,Delivered
377,U003,Charlie,G001,Team_Project,What’s the plan for today?,2025-09-20 11:34:15,True,G001,Seen
378,U002,Bob,U001,Alice,Did you finish the report?,2025-09-20 10:37:48,False,,Seen
379,U003,Charlie,U001,Alice,Can you share the document?,2025-09-20 13:03:11,False,,Delivered
380,U002,Bob,G001,Team_Project,Please review the file.,2025-09-20 11:16:00,True,G001,Seen
381,U003,Charlie,U005,Eve,I’ll join the call soon.,2025-09-20 11:03:30,False,,Pending
382,U001,Alice,G002,Friends_Chat,Can you share the document?,2025-09-20 13:11:00,True,G002,Delivered
383,U003,Charlie,G001,Team_Project,Good morning!,2025-09-20 12:45:58,True,G001,Delivered
384,U001,Alice,G002,Friends_Chat,Working on it now.,2025-09-20 11:04:00,True,G002,Seen
385,U004,Diana,G002,Friends_Chat,See you tomorrow.,2025-09-20 10:32:05,True,G002,Pending
386,U004,Diana,G002,Friends_Chat,I'm almost done with the task.,2025-09-20 12:15:06,True,G002,Pending
387,U003,Charlie,U002,Bob,That sounds great!,2025-09-20 12:21:54,False,,Pending
388,U004,Diana,U003,Charlie,Reminder: deadline is tomorrow!,2025-09-20 11:17:36,False,,Seen
389,U004,Diana,U001,Alice,Can you share the document?,2025-09-20 12:42:05,False,,Pending
390,U004,Diana,U002,Bob,I'm almost done with the task.,2025-09-20 11:24:30,False,,Delivered
391,U003,Charlie,U004,Diana,Reminder: deadline is tomorrow!,2025-09-20 12:36:24,False,,Seen
392,U003,Charlie,U005,Eve,See you tomorrow.,2025-09-20 10:45:44,False,,Seen
393,U004,Diana,G001,Team_Project,Working on it now.,2025-09-20 11:51:21,True,G001,Seen
394,U003,Charlie,U005,Eve,Working on it now.,2025-09-20 12:57:18,False,,Pending
395,U005,Eve,U001,Alice,Reminder: deadline is tomorrow!,2025-09-20 11:58:30,False,,Seen
396,U002,Bob,G001,Team_Project,I’ll join the call soon.,2025-09-20 12:25:12,True,G001,Delivered
397,U004,Diana,U002,Bob,Working on it now.,2025-09-20 12:32:11,False,,Seen
398,U002,Bob,G002,Friends_Chat,Let's meet at 5 PM.,2025-09-20 10:59:42,True,G002,Seen
399,U002,Bob,G001,Team_Project,Did you finish the report?,2025-09-20 10:33:15,True,G001,Seen
400,U002,Bob,G001,Team_Project,Reminder: deadline is tomorrow!,2025-09-20 12:20:00,True,G001,Seen
401,U003,Charlie,G001,Team_Project,Good morning!,2025-09-20 11:53:37,True,G001,Pending
402,U002,Bob,U005,Eve,I’ll join the call soon.,2025-09-20 11:40:30,False,,Delivered
403,U001,Alice,G002,Friends_Chat,That sounds great!,2025-09-20 10:33:35,True,G002,Delivered
404,U002,Bob,U001,Alice,Working on it now.,2025-09-20 11:34:16,False,,Pending
405,U005,Eve,U003,Charlie,Can you share the document?,2025-09-20 12:55:30,False,,Delivered
406,U005,Eve,U003,Charlie,Please review the file.,2025-09-20 11:00:54,False,,Seen
407,U003,Charlie,G002,Friends_Chat,I’ll join the call soon.,2025-09-20 11:07:50,True,G002,Delivered
408,U003,Charlie,G002,Friends_Chat,See you tomorrow.,2025-09-20 11:48:48,True,G002,Seen
409,U001,Alice,U003,Charlie,Did you finish the report?,2025-09-20 12:50:25,False,,Seen
410,U003,Charlie,U001,Alice,I’ll join the call soon.,2025-09-20 12:09:50,False,,Delivered
411,U004,Diana,U001,Alice,I’ll join the call soon.,2025-09-20 12:44:24,False,,Pending
412,U001,Alice,G001,Team_Project,Let's meet at 5 PM.,2025-09-20 12:51:40,True,G001,Seen
413,U001,Alice,G001,Team_Project,Working on it now.,2025-09-20 10:55:04,True,G001,Seen
414,U005,Eve,G001,Team_Project,That sounds great!,2025-09-20 10:48:18,True,G001,Delivered
415,U003,Charlie,G001,Team_Project,I'm almost done with the task.,2025-09-20 12:11:25,True,G001,Delivered
416,U003,Charlie,G002,Friends_Chat,Please review the file.,2025-09-20 11:30:08,True,G002,Seen
417,U003,Charlie,G002,Friends_Chat,Good morning!,2025-09-20 11:02:33,True,G002,Seen
418,U002,Bob,G002,Friends_Chat,Good night everyone!,2025-09-20 11:16:38,True,G002,Delivered
419,U005,Eve,U001,Alice,See you tomorrow.,2025-09-20 10:41:54,False,,Seen
420,U004,Diana,U001,Alice,Reminder: deadline is tomorrow!,2025-09-20 12:27:00,False,,Seen
421,U001,Alice,U004,Diana,Good night everyone!,2025-09-20 12:55:25,False,,Pending
422,U003,Charlie,U001,Alice,Please review the file.,2025-09-20 12:13:38,False,,Seen
423,U002,Bob,G001,Team_Project,That sounds great!,2025-09-20 11:31:39,True,G001,Pending
424,U005,Eve,G001,Team_Project,Reminder: deadline is tomorrow!,2025-09-20 12:14:16,True,G001,Seen
425,U002,Bob,G002,Friends_Chat,See you tomorrow.,2025-09-20 11:17:55,True,G002,Pending
426,U003,Charlie,G001,Team_Project,What’s the plan for today?,2025-09-20 13:33:00,True,G001,Seen
427,U005,Eve,G002,Friends_Chat,I'm almost done with the task.,2025-09-20 10:35:35,True,G002,Delivered
428,U002,Bob,G002,Friends_Chat,"Sure, sending it now.",2025-09-20 13:05:28,True,G002,Seen
429,U001,Alice,U003,Charlie,I'm almost done with the task.,2025-09-20 11:47:15,False,,Delivered
430,U003,Charlie,G002,Friends_Chat,I’ll join the call soon.,2025-09-20 13:20:40,True,G002,Delivered
431,U005,Eve,G001,Team_Project,Good night everyone!,2025-09-20 10:50:17,True,G001,Delivered
432,U004,Diana,U005,Eve,"Sure, sending it now.",2025-09-20 13:21:36,False,,Seen
433,U002,Bob,G002,Friends_Chat,Good morning!,2025-09-20 11:26:36,True,G002,Delivered
434,U001,Alice,G002,Friends_Chat,Good night everyone!,2025-09-20 13:15:18,True,G002,Seen
435,U005,Eve,G002,Friends_Chat,"Hey, how are you?",2025-09-20 12:10:30,True,G002,Delivered
436,U004,Diana,U005,Eve,Did you finish the report?,2025-09-20 12:47:08,False,,Delivered
437,U005,Eve,U001,Alice,Please review the file.,2025-09-20 13:02:05,False,,Delivered
438,U005,Eve,G001,Team_Project,Can you share the document?,2025-09-20 11:56:48,True,G001,Delivered
439,U004,Diana,U005,Eve,Good morning!,2025-09-20 11:35:07,False,,Delivered
440,U003,Charlie,U002,Bob,See you tomorrow.,2025-09-20 11:06:00,False,,Pending
441,U004,Diana,U005,Eve,What’s the plan for today?,2025-09-20 13:33:09,False,,Seen
442,U002,Bob,U004,Diana,Let's meet at 5 PM.,2025-09-20 11:43:08,False,,Delivered
443,U005,Eve,G001,Team_Project,Good night everyone!,2025-09-20 12:20:17,True,G001,Delivered
444,U003,Charlie,U002,Bob,Can you share the document?,2025-09-20 13:27:12,False,,Pending
445,U004,Diana,U005,Eve,"Hey, how are you?",2025-09-20 12:50:35,False,,Delivered
446,U001,Alice,G001,Team_Project,What’s the plan for today?,2025-09-20 11:14:20,True,G001,Delivered
447,U005,Eve,U002,Bob,Let's meet at 5 PM.,2025-09-20 12:14:06,False,,Pending
448,U001,Alice,U003,Charlie,Good night everyone!,2025-09-20 11:22:08,False,,Seen
449,U003,Charlie,G001,Team_Project,Good night everyone!,2025-09-20 12:29:40,True,G001,Seen
450,U005,Eve,G002,Friends_Chat,I'm almost done with the task.,2025-09-20 11:15:00,True,G002,Seen
451,U005,Eve,U003,Charlie,I'm almost done with the task.,2025-09-20 11:22:41,False,,Delivered
452,U001,Alice,G001,Team_Project,Good night everyone!,2025-09-20 10:37:40,True,G001,Pending
453,U005,Eve,G001,Team_Project,Working on it now.,2025-09-20 13:46:30,True,G001,Seen
454,U002,Bob,U005,Eve,"Hey, how are you?",2025-09-20 13:01:36,False,,Seen
455,U001,Alice,G002,Friends_Chat,Did you finish the report?,2025-09-20 13:32:20,True,G002,Seen
456,U001,Alice,G002,Friends_Chat,See you tomorrow.,2025-09-20 13:10:00,True,G002,Seen
457,U004,Diana,U005,Eve,"Hey, how are you?",2025-09-20 12:47:34,False,,Pending
458,U002,Bob,U004,Diana,See you tomorrow.,2025-09-20 13:18:28,False,,Delivered
459,U001,Alice,U003,Charlie,Let's meet at 5 PM.,2025-09-20 13:34:12,False,,Delivered
460,U001,Alice,U002,Bob,That sounds great!,2025-09-20 11:32:00,False,,Seen
461,U004,Diana,U002,Bob,"Sure, sending it now.",2025-09-20 11:16:50,False,,Delivered
462,U002,Bob,G002,Friends_Chat,"Hey, how are you?",2025-09-20 12:34:00,True,G002,Delivered
463,U005,Eve,U004,Diana,What’s the plan for today?,2025-09-20 12:11:11,False,,Seen
464,U003,Charlie,U004,Diana,Good morning!,2025-09-20 12:03:44,False,,Seen
465,U001,Alice,G002,Friends_Chat,What’s the plan for today?,2025-09-20 13:06:00,True,G002,Seen
466,U001,Alice,G001,Team_Project,"Sure, sending it now.",2025-09-20 13:53:00,True,G001,Delivered
467,U003,Charlie,G001,Team_Project,"Hey, how are you?",2025-09-20 12:35:40,True,G001,Pending
468,U002,Bob,G002,Friends_Chat,Reminder: deadline is tomorrow!,2025-09-20 12:12:36,True,G002,Delivered
469,U002,Bob,U005,Eve,I'm almost done with the task.,2025-09-20 11:41:37,False,,Seen
470,U005,Eve,U003,Charlie,Working on it now.,2025-09-20 12:13:10,False,,Pending
471,U003,Charlie,G001,Team_Project,Reminder: deadline is tomorrow!,2025-09-20 10:39:15,True,G001,Delivered
472,U003,Charlie,G002,Friends_Chat,I'm almost done with the task.,2025-09-20 12:29:28,True,G002,Delivered
473,U005,Eve,U003,Charlie,What’s the plan for today?,2025-09-20 12:37:40,False,,Pending
474,U001,Alice,U002,Bob,"Hey, how are you?",2025-09-20 12:53:48,False,,Delivered
475,U005,Eve,G002,Friends_Chat,Working on it now.,2025-09-20 13:41:40,True,G002,Seen
476,U001,Alice,U005,Eve,Working on it now.,2025-09-20 12:38:40,False,,Delivered
477,U002,Bob,G001,Team_Project,Good night everyone!,2025-09-20 11:19:30,True,G001,Seen
478,U002,Bob,U001,Alice,I’ll join the call soon.,2025-09-20 13:43:04,False,,Pending
479,U003,Charlie,G001,Team_Project,Working on it now.,2025-09-20 11:59:45,True,G001,Delivered
480,U001,Alice,U002,Bob,Can you share the document?,2025-09-20 13:28:00,False,,Delivered
481,U002,Bob,G001,Team_Project,"Sure, sending it now.",2025-09-20 13:52:29,True,G001,Pending
482,U003,Charlie,U001,Alice,Please review the file.,2025-09-20 13:36:54,False,,Delivered
483,U005,Eve,G001,Team_Project,Did you finish the report?,2025-09-20 13:29:18,True,G001,Pending
484,U001,Alice,U003,Charlie,Did you finish the report?,2025-09-20 12:49:24,False,,Pending
485,U005,Eve,U003,Charlie,I'm almost done with the task.,2025-09-20 12:33:35,False,,Seen
486,U005,Eve,U004,Diana,Working on it now.,2025-09-20 12:58:12,False,,Seen
487,U002,Bob,G002,Friends_Chat,I'm almost done with the task.,2025-09-20 12:58:34,True,G002,Pending
488,U005,Eve,G002,Friends_Chat,Good morning!,2025-09-20 13:39:36,True,G002,Pending
489,U005,Eve,U001,Alice,Can you share the document?,2025-09-20 11:37:48,False,,Delivered
490,U002,Bob,G002,Friends_Chat,I’ll join the call soon.,2025-09-20 13:24:10,True,G002,Delivered
491,U005,Eve,G002,Friends_Chat,That sounds great!,2025-09-20 13:24:35,True,G002,Delivered
492,U004,Diana,U002,Bob,Reminder: deadline is tomorrow!,2025-09-20 12:19:24,False,,Delivered
493,U004,Diana,G002,Friends_Chat,That sounds great!,2025-09-20 13:41:51,True,G002,Pending
494,U003,Charlie,U002,Bob,Reminder: deadline is tomorrow!,2025-09-20 11:30:34,False,,Delivered
495,U003,Charlie,U005,Eve,Good night everyone!,2025-09-20 10:49:30,False,,Seen
496,U003,Charlie,U002,Bob,Let's meet at 5 PM.,2025-09-20 11:06:08,False,,Pending
497,U004,Diana,G001,Team_Project,"Hey, how are you?",2025-09-20 11:55:58,True,G001,Seen
498,U001,Alice,U004,Diana,I’ll join the call soon.,2025-09-20 12:37:42,False,,Seen
499,U003,Charlie,U002,Bob,Working on it now.,2025-09-20 14:01:11,False,,Seen
500,U004,Diana,U001,Alice,Good morning!,2025-09-20 12:30:00,False,,Delivered
